<?xml version="1.0" encoding="UTF-8"?>
<project-private xmlns="http://www.netbeans.org/ns/project-private/1">
    <editor-bookmarks xmlns="http://www.netbeans.org/ns/editor-bookmarks/2" lastBookmarkId="0"/>
    <open-files xmlns="http://www.netbeans.org/ns/projectui-open-files/2">
        <group>
            <file>file:/C:/Users/Eman%20Fatima/Favorites/Documents/NetBeansProjects/SCD_aea/src/scd_aea/Loginn.java</file>
            <file>file:/C:/Users/Eman%20Fatima/Favorites/Documents/NetBeansProjects/SCD_aea/src/scd_aea/Registerr.java</file>
            <file>file:/C:/Users/Eman%20Fatima/Favorites/Documents/NetBeansProjects/SCD_aea/src/scd_aea/GUI%20AND%20CONNECTIVITY</file>
            <file>file:/C:/Users/Eman%20Fatima/Favorites/Documents/NetBeansProjects/SCD_aea/src/scd_aea/DBConnectionn.java</file>
        </group>
    </open-files>
</project-private>
